Date,Price_spx,Price_vix,Price_gsci,Price_soy,Price_wheat,Price_corn,Price_sil,Price_plat,Price_gold,Price_png,Price_jnj,Price_exxon,rf,cpi
32874,329.1,,1883.36,,,243.75,5.27,,417.8,7.94,6.55,11.75,7.64,127.5
32875,331.9,21.99,1877.21,566.5,393.25,253.25,5.21,,408.9,7.92,6.7,11.75,7.74,128
32876,339.9,19.73,1890.95,595,351.75,263.75,5.02,,375,8.4,7.02,11.53,7.9,128.6
32877,330.8,19.52,1871.12,632.5,374.25,283,5.02,,371.4,8.76,7.08,11.31,7.77,128.9
32878,361.2,17.37,1857.3,607.25,333.75,272.75,5.15,,368.6,10.25,7.98,12,7.74,129.1
32879,358,15.5,1828.55,623.5,325.75,289.5,4.96,,359.9,10.81,8.47,11.97,7.73,129.9
32880,356.1,21.11,1979.47,594.5,288.25,255.5,4.86,,379.2,10.76,8.83,12.97,7.62,130.5
32881,322.6,29.9,2307.85,601,262.5,233.25,4.83,,389.2,9.55,8.2,12.5,7.45,131.6
32882,306.1,29.11,2837.27,617.5,277.75,237.5,4.83,,408.1,9.04,7.91,12.25,7.36,132.5
32883,304,30.04,2665.57,592,262,239.25,4.2,,381.3,9.75,8.05,12.25,7.17,133.4
32884,322.2,22.16,2490.6,589.5,245,237.75,4.18,505.2,385.7,10.28,8.72,12.66,7.06,133.7
32885,330.2,26.38,2441.68,559.75,260.5,239.5,4.25,508,396.2,10.75,8.97,12.94,6.74,134.2
33239,343.9,20.91,2212.46,566.75,263,252.5,3.87,474.5,368.5,9.83,9.56,12.91,6.22,134.7
33240,367.1,21.23,2243.23,575.75,259.75,251,3.77,474.1,369,10.08,10.27,13.78,5.94,134.8
33241,375.2,16.88,2327.67,574.75,286.75,259.5,3.89,493.7,359.4,10.56,11.98,14.62,5.91,134.8
33242,375.4,18.24,2380.39,576.5,272.75,254,4.02,485.1,357.7,10.4,11.81,14.88,5.65,135.1
33243,389.8,15.93,2379.17,581.75,287,245,4.14,485.2,364.8,10.56,11.33,14.56,5.46,135.6
33244,371.2,19.55,2322.83,528,264.25,224,4.48,480.8,370,9.6,10.44,14.53,5.57,136
33245,387.8,15.18,2441.43,583,294,263.25,4.1,433.1,370.8,10.02,11.45,14.84,5.58,136.2
33246,395.4,14.46,2479.07,579.25,310.5,254.75,3.85,434.4,352.9,10.36,11.61,14.56,5.33,136.6
33247,387.9,15.85,2498.64,587,332.5,257.25,4.17,421.4,357.3,10.53,11.05,14.88,5.22,137
33248,392.5,15.48,2570.31,558,363.5,259.25,4.13,408.7,359.5,10.37,11.89,15.25,4.99,137.2
33249,375.2,20.26,2466.49,557,368.25,247.5,4.09,386.5,371.1,10.05,12.05,14.66,4.56,137.8
33250,417.1,19.31,2291.9,554.75,404.75,257.5,3.91,405.7,353.9,11.64,14.31,15.22,4.07,138.2
33604,408.8,17.4,2354.91,572,440.25,270.25,4.2,389.8,358.9,12.87,13.44,14.56,3.8,138.3
33605,412.7,16.68,2329.08,580.25,401.5,273.5,4.14,396.8,354.1,12.61,12.66,14.28,3.84,138.6
33606,403.7,16.18,2355.11,588.25,379,269.25,4.16,376.8,345.5,12.68,12.19,13.69,4.04,139.1
33607,414.9,15.53,2425.68,574.25,372.25,249.5,4.02,378,337.9,12.81,11.86,15,3.75,139.4
33608,415.4,13.86,2490.85,614,349.5,264,4.04,363,338.4,12.75,12.11,15.16,3.63,139.7
33609,408.1,13.35,2477.12,600.75,349.5,253.25,4.06,339.8,344.4,11.41,11.19,15.47,3.66,140.1
33610,424.2,13.17,2442.6,557.75,317.25,222.75,3.96,353.1,361.4,12.56,12.31,15.88,3.21,140.5
33611,414,13.58,2445.16,550.5,319.75,217.25,3.75,365.5,345.3,11.63,12.34,16.06,3.13,140.8
33612,417.8,14.28,2473.19,540.75,350.25,224.25,3.76,370.6,349.4,12.25,11.78,15.97,2.91,141.1
33613,418.7,16.15,2418.81,549.25,354.5,217.75,3.78,338.7,340.1,13.12,12.5,15.31,2.86,141.7
33614,431.4,13.01,2387.88,563.75,379.75,221.5,3.76,357.5,335.5,13.46,12.59,14.88,3.13,142.1
33615,435.7,12.57,2393.26,568.75,353.75,223.75,3.69,359.7,333.1,13.3,12.62,15.28,3.22,142.3
33970,438.8,12.42,2422.28,574,380,222.25,3.67,357,330.7,12.34,11,15.28,3,142.8
33971,443.4,13.16,2450.42,577.25,372.25,219.25,3.6,347.4,329.1,12.9,10.62,15.91,2.93,143.1
33972,451.7,12.53,2501.49,588.25,347.25,235.75,3.92,366.8,339.3,12.37,10.66,16.53,2.95,143.3
33973,440.2,12.42,2474.61,588.75,348,232.5,4.42,376.6,357.2,12.19,10.91,16.5,2.87,143.8
33974,450.2,13.47,2405.75,608.5,288.25,229.25,4.64,385.1,380.3,12.19,11.16,16.38,2.96,144.2
33975,450.5,11.26,2330.46,652.5,285,229,4.59,360.9,379.2,12.9,10.38,16.53,3.07,144.3
33976,448.1,11.73,2310.31,685.5,304,241.75,5.24,370.9,411.3,12.09,9.12,16.41,3.04,144.5
33977,463.6,11.85,2329.33,659.5,308.75,237.5,4.87,354.2,375.7,12,10.19,16.34,3.02,144.8
33978,458.9,12.99,2335.26,629.75,318.75,252.5,4.08,363.2,357.1,11.78,9.84,16.38,2.95,145
33979,467.8,11.46,2251.36,619.75,335.5,265.75,4.38,354.1,369.6,13.46,10.53,16.34,3.02,145.6
33980,461.8,13.76,2138.44,671.5,348.25,285.5,4.45,362.8,371.9,14.08,10.91,15.69,3.1,146
33981,466.4,11.66,2098.21,704.25,378.25,309,5.12,345.8,391.9,14.14,11.22,15.78,3.06,146.3
34335,481.6,10.63,2269.05,686.75,371.75,294.75,5.15,366,383.6,14.76,10.59,16.62,2.98,146.3
34336,467.1,14.87,2219.72,677.25,342.5,293.75,5.39,389.9,382.5,14.27,10.03,16.22,3.25,146.7
34337,445.8,20.45,2193.29,681.75,329.75,279.75,5.81,399.8,394.3,13.27,9.44,15.72,3.5,147.1
34338,450.9,13.77,2250.73,677.25,326.5,272,5.38,386,377.8,14.11,10.34,15.72,3.68,147.2
34339,456.5,13.03,2284.22,701,327.5,272.75,5.58,418.9,390,13.99,11.06,15.28,4.14,147.5
34340,444.3,14.97,2340.41,658.5,312.75,244.5,5.43,383.9,387.3,13.24,10.72,14.19,4.14,147.9
34341,458.3,11.13,2380.7,588.75,330.5,222,5.36,359.4,389.2,13.83,11.75,14.88,4.33,148.4
34342,475.5,11.97,2220.25,581,363.5,222.75,5.49,371.2,390.8,15.1,12.53,14.88,4.48,149
34343,462.7,14.28,2199.35,536,403.5,225.25,5.66,366.9,397.6,14.79,12.94,14.38,4.62,149.3
34344,472.4,14.56,2209.26,542.25,384.5,226.75,5.29,394.9,384.9,15.6,13.66,15.72,4.95,149.4
34345,453.7,15.95,2136.92,563.5,372.25,223,4.94,386,384.5,15.51,13.34,15.09,5.29,149.8
34346,459.3,13.2,2209.27,550.75,401.5,238.25,4.92,397.7,384.4,15.38,13.69,15.19,5.6,150.1
34700,470.4,11.96,2154.37,547.5,373.5,236.75,4.69,423.2,377.7,16.16,14.53,15.62,5.71,150.5
34701,487.4,11.75,2171.77,554.75,349.75,242,4.57,402.3,378.3,16.5,14.19,15.97,5.77,150.9
34702,500.7,13.37,2201.35,574,343.25,255.75,5.34,404.2,394.3,16.44,14.88,16.66,5.73,151.2
34703,514.7,11.75,2268.75,567,350.5,255.25,5.78,404,388.5,17.34,16.25,17.38,5.65,151.8
34704,533.4,12.85,2249.6,580.75,373.25,271.5,5.34,426.7,387.6,17.83,16.53,17.84,5.67,152.1
34705,544.8,11.38,2209.46,577.5,446,278,5.07,414.2,385.6,17.83,16.88,17.66,5.47,152.4
34706,562.1,13.49,2267.16,601.25,464.25,281.25,5.08,418.4,388.4,17.09,17.94,18.12,5.42,152.6
34707,561.9,11.52,2315.22,613.5,449.25,293.75,5.36,418.7,386.9,17.21,17.25,17.19,5.4,152.9
34708,584.4,12.74,2325,646,492.25,319.5,5.49,404.3,386.5,19.1,18.53,18.06,5.28,153.1
34709,581.5,13.83,2348.4,675.25,497.75,337.75,5.38,414.7,384.3,20.1,20.38,19.09,5.28,153.5
34710,605.4,11.58,2411.8,686.25,501.5,337.75,5.25,415.8,388.6,21.46,21.66,19.34,5.36,153.7
34711,615.9,12.52,2658.46,735.25,512.25,371.5,5.21,411.6,388.1,20.59,21.38,20.12,5.14,153.9
35065,636,12.53,2654.16,738.75,519.5,373,5.61,439.2,408.5,20.78,24,20.06,5,154.7
35066,640.4,17.04,2760.56,735,512.5,389.25,5.55,443.1,401.2,20.34,23.38,19.88,4.83,155
35067,645.5,18.88,2940,751,499.25,394,5.56,432.6,398.4,21.03,23.06,20.38,4.96,155.5
35068,654.2,15.83,3109.74,787.25,641.5,452,5.34,434,393.5,20.96,23.12,21.25,4.95,156.1
35069,669.1,16.07,3085.18,788.25,528.75,400,5.43,420.9,394.4,21.8,24.34,21.19,5.02,156.4
35070,670.6,13.68,3204.88,775.5,478.5,397.75,5.04,428.3,381.6,22.48,24.75,21.72,5.09,156.7
35071,640,19.46,3053.21,765.75,440,319.75,5.17,423.7,393.1,22.14,23.88,20.56,5.15,157
35072,652,17.01,3151.53,814.5,448.5,343.75,5.25,410.6,391.3,22.05,24.62,20.38,5.05,157.2
35073,687.3,16.95,3263.3,758,436,304,4.88,413.1,380.5,24.19,25.62,20.81,5.09,157.7
35074,705.3,18.11,3255.23,667.75,371.25,272.5,4.83,398.2,379.1,24.56,24.62,22.16,4.99,158.2
35075,757,17.14,3526.12,712.75,396,271,4.76,423,373,26.98,26.62,23.59,5.03,158.7
35076,740.7,20.92,3560.13,690.5,381.25,260.5,4.79,414.2,369.2,26.7,24.88,24.5,4.91,159.1
35431,786.2,19.47,3507.79,738.25,359.75,268.75,4.94,405.8,346,28.69,28.88,25.91,5.03,159.4
35432,790.8,21.1,3265.97,791,373,295.25,5.36,403.6,365.1,29.8,28.75,25.06,5.01,159.7
35433,757.1,22.14,3321.06,855.75,397.5,310.25,5.1,403.4,354,28.47,26.44,26.94,5.14,159.8
35434,801.3,20.06,3397.89,889.5,423,293.25,4.69,389.3,341.2,31.2,30.56,28.31,5.16,159.9
35435,848.3,19.19,3422.19,880.5,360.5,256.25,4.7,407.2,347.5,34.21,30,29.62,5.05,159.9
35436,885.1,21.53,3237.05,771,323.75,238,4.65,398.9,335.3,35.04,32.19,30.62,4.93,160.2
35437,954.3,21.48,3369.67,768,362,267.75,4.53,384.6,328.6,37.74,31.06,32.12,5.05,160.4
35438,899.5,24.76,3454.89,666,378.25,269.25,4.68,384,327.4,33.03,28.34,30.59,5.14,160.8
35439,947.3,22.91,3542.28,621.5,354.25,266.75,5.23,379.9,336.9,34.27,28.84,32.03,4.95,161.2
35440,914.6,35.09,3639.73,690.75,360.5,289.25,4.75,369.3,312.1,33.74,28.69,30.72,4.97,161.5
35441,955.4,27.43,3280.88,718.25,341.75,280.75,5.27,352.5,296.9,37.8,31.47,30.5,5.14,161.7
35442,970.4,24.01,3059.17,670.5,325.75,272,5.99,396.4,289.9,39.6,32.94,30.59,5.16,161.8
35796,980.3,21.47,3009.87,672.75,337.25,280.25,6.13,368.8,304.6,38.89,33.47,29.66,5.04,162
35797,1049.3,18.55,2811.26,653,327.5,270.25,6.48,378.7,300.1,42.11,37.69,31.88,5.09,162
35798,1101.8,24.22,2796.66,645,320.25,265.75,6.47,396.7,303.3,41.86,36.72,33.81,5.03,162
35799,1111.8,21.18,2720.4,641.25,289.75,252.25,6.23,415.8,307.9,40.78,35.75,36.53,4.95,162.2
35800,1090.8,21.32,2592.06,618.5,284.25,242.75,5.1,425.5,295.1,41.62,34.53,35.25,5,162.6
35801,1133.8,19.71,2500.16,640,276.25,253.25,5.54,407.7,298.1,45.18,37,35.69,4.98,162.8
35802,1120.7,24.8,2303.62,583,252.5,223.75,5.47,432.5,290.5,39.38,38.62,35.12,4.96,163.2
35803,957.3,44.28,2167.67,514.75,237.5,199.5,4.66,404.2,278.9,37.96,34.5,32.72,4.9,163.4
35804,1017,40.95,2389.22,520.75,269.25,221.25,5.36,383.3,299,35.29,39.12,35.31,4.61,163.5
35805,1098.7,28.05,2277.14,558.5,294.25,229.75,5.06,370.8,293.7,44,40.75,35.81,3.96,163.9
35806,1163.6,26.01,2000.07,593.5,277,230,4.87,388.1,295.1,43.48,40.62,37.5,4.41,164.1
35807,1229.2,24.42,1965.65,538.25,276.25,220.75,5.02,383.6,289.2,45.31,41.94,36.56,4.39,164.4
36161,1279.6,26.25,1974.23,506.75,275.5,220.25,5.25,408.5,288.2,45.09,42.56,35.12,4.34,164.7
36162,1238.3,27.88,1883.29,449.75,237.25,210.25,5.63,400.4,288.3,44.41,42.69,33.28,4.44,164.7
36163,1286.4,23.26,2201.42,483.75,280.25,231.5,4.98,368.2,281.9,48.59,46.75,35.28,4.44,164.8
36164,1335.2,25.07,2292.4,476.5,259,218.75,5.43,361.6,287.8,46.55,48.75,41.53,4.29,165.9
36165,1301.8,25.39,2167.31,461.75,252.25,224.25,4.91,377.6,272,46.33,46.31,39.94,4.5,166
36166,1372.7,21.09,2306.7,448.5,250,216.25,5.29,359.5,263.6,44.28,49,38.56,4.57,166
36167,1328.7,24.64,2389.45,434.5,263.75,214.5,5.49,353.4,258.8,44.93,45.53,39.69,4.55,166.7
36168,1320.4,24.45,2557.63,478.5,264.75,219.25,5.19,336.4,257.3,49.25,51.12,39.44,4.72,167.1
36169,1282.7,25.41,2693.28,491.25,275.75,219.25,5.62,355.3,299.5,46.52,45.94,38,4.68,167.8
36170,1362.9,22.2,2554.39,470.5,255.75,210.25,5.18,364.5,300.3,52.04,52.38,37.03,4.86,168.1
36171,1388.9,24.18,2657.75,476.25,233,200.5,5.24,346.9,293,53.59,51.88,39.66,5.07,168.4
36172,1469.2,24.64,2770,461.75,248.5,211.25,5.45,381.7,289.6,54.36,46.62,40.28,5.2,168.8
36526,1394.5,24.95,2970.29,508,256.25,227.75,5.32,359.1,286.2,50.14,43.03,41.44,5.32,169.3
36527,1366.4,23.37,3155.86,501.25,247,224,5.11,354.5,294.2,43.6,36,37.66,5.55,170
36528,1498.6,24.11,3119.23,545.5,262.25,244.5,5.06,365.4,281.4,28.16,35.12,39,5.69,171
36529,1452.4,26.2,3090.82,526.5,242.25,232,5.02,351,274.7,29.65,41.25,38.84,5.66,170.9
36530,1420.6,23.65,3436.91,517.5,274.75,233,4.99,343.5,274.8,33,44.75,41.66,5.79,171.2
36531,1454.6,19.54,3681.85,477.5,259.5,195.75,5.08,350.4,291.5,28.16,50.94,39.25,5.69,172.2
36532,1430.8,20.74,3399.09,446,246.25,188.5,5.09,388.9,283.2,28.28,46.53,40.09,5.96,172.7
36533,1517.7,16.84,3922.85,494.75,250.75,192.75,5.02,401.2,282.1,30.68,45.98,40.82,6.09,172.7
36534,1436.5,20.57,3869.14,490.5,265,197.75,4.95,418.8,276.9,33.24,46.97,44.55,6,173.6
36535,1429.4,23.63,3877.86,459.75,254.75,206,4.8,430.2,266.4,35.45,46.06,44.59,6.11,173.9
36536,1315,29.65,4235.22,506,256,212.75,4.73,455,273.3,37.15,50,44,6.17,174.2
36537,1320.3,26.85,4147.9,499.5,279.5,231.75,4.64,471.7,273.6,38.92,52.53,43.47,5.77,174.6
36892,1366,22.02,3927.75,459.5,273,217,4.86,496.4,268,35.65,46.56,42.08,5.15,175.6
36893,1239.9,28.35,3872.93,453.5,265,222.5,4.52,498.7,267.8,34.98,48.66,40.52,4.88,176
36894,1160.3,28.64,3721.13,428.5,255,212,4.32,539.4,259.2,31.06,43.73,40.5,4.42,176.1
36895,1249.5,25.48,3920.97,434.25,272.75,207.5,4.36,565.5,264.4,29.8,48.24,44.3,3.87,176.4
36896,1255.8,22.64,3809.28,451,267,200.5,4.43,579.6,266.9,31.87,48.48,44.38,3.62,177.3
36897,1224.4,19.06,3533.71,482.5,246.75,197.25,4.33,586.7,271.3,31.66,50,43.67,3.49,177.7
36898,1211.2,21.62,3542.17,512.75,278.5,226.25,4.24,578.8,269.2,35.24,54.1,41.76,3.51,177.4
36899,1133.6,24.92,3576.03,479.5,278,227.75,4.19,578.1,276.5,36.79,52.71,40.15,3.36,177.4
36900,1040.9,31.93,3184.24,451.25,270.75,214.5,4.68,600,294,36.12,55.4,39.4,2.64,178.1
36901,1059.8,33.56,3023.67,428.5,293.25,205.5,4.24,609.6,280.5,36.61,57.91,39.45,2.16,177.6
36902,1139.5,23.84,2861.28,444.5,281.5,212.5,4.16,601.1,274.9,38.43,58.25,37.4,1.87,177.5
36903,1148.1,23.8,2823.35,421,289,209,4.59,610,279,39.26,59.1,39.3,1.69,177.4
37257,1130.2,21.09,2735.26,430.25,286,213,4.23,555,282.9,40.53,57.51,39.05,1.65,177.7
37258,1106.7,21.59,2854.74,435.75,267.25,207.5,4.52,595,297.1,42.07,60.9,41.3,1.72,178
37259,1147.4,17.4,3239.61,476.25,285,209,4.66,603.1,303.7,44.7,64.95,43.83,1.79,178.5
37260,1076.9,21.91,3275.47,462.25,261.75,200.5,4.56,560.1,309.2,44.78,63.86,40.17,1.71,179.3
37261,1067.1,19.98,3132.95,508.75,282.25,220.5,5.05,474.4,327.5,44.43,61.35,39.93,1.73,179.5
37262,989.8,25.4,3240.01,536.5,307,233,4.86,443,313.9,44.65,52.26,40.92,1.7,179.6
37263,911.6,32.03,3258.75,567.5,334,256.5,4.61,433.3,305.2,44.49,53,36.76,1.68,180
37264,916.1,32.64,3455.84,559,362.25,268,4.45,412.5,313.9,44.33,54.31,35.45,1.62,180.5
37265,815.3,39.69,3613.65,545.75,396.5,259,4.55,449.3,325.2,44.69,54.08,31.9,1.63,180.8
37266,885.8,31.14,3443.14,565.25,402.25,252,4.51,493,318.4,44.23,58.75,33.66,1.58,181.2
37267,936.3,27.5,3435.66,578.75,373,241.5,4.43,448.2,316.8,42.27,57.02,34.8,1.23,181.5
37268,879.8,28.62,3728.76,569.5,325,239.75,4.81,487.9,348.2,42.97,53.71,34.94,1.19,181.8
37622,855.7,31.17,4064.02,564,320.5,240.25,4.87,521.7,369.1,42.78,53.61,34.15,1.17,182.6
37623,841.1,29.63,4556.68,577,312.5,233.25,4.59,548.8,350.3,40.93,52.45,34.02,1.17,183.6
37624,848.2,29.15,3900.01,574.5,286.75,237,4.48,545.9,336.9,44.52,57.87,34.95,1.13,183.9
37625,916.9,21.21,3660.66,623.5,279.5,231.25,4.65,537.3,339.4,44.92,56.36,35.2,1.13,183.2
37626,963.6,19.47,4011.64,624.5,324.25,243,4.54,524.6,365.6,45.91,54.35,36.4,1.07,182.9
37627,974.5,19.52,4020.44,621.25,301.75,223.75,4.56,565.8,346.3,44.59,51.7,35.91,0.92,183.1
37628,990.3,19.49,4049.07,532.5,348.5,212,5.12,564.5,355.8,43.94,51.79,35.58,0.9,183.7
37629,1008,18.63,4214.54,595,367.5,241.75,5.12,571.8,376.8,43.65,49.58,37.7,0.95,184.5
37630,996,22.72,4042.42,677.25,360.25,228.75,5.14,581.9,386.1,46.41,49.52,36.6,0.94,185.1
37631,1050.7,16.1,4130.98,794.25,369.5,252.5,5.07,604.4,384.6,49.15,50.33,36.58,0.92,184.9
37632,1058.2,16.32,4236.69,756.25,394.25,248.75,5.37,658.9,396.8,48.12,49.3,36.2,0.93,185
37633,1111.9,18.31,4501.27,789,377,248.75,5.97,672.5,416.1,49.94,51.66,41,0.9,185.5
37987,1131.1,16.63,4518.91,819.5,389,281.5,6.26,648.4,402.9,50.54,53.42,40.79,0.88,186.3
37988,1144.9,14.55,4854.23,942.5,380.75,303,6.72,599.3,396.8,51.26,53.91,42.17,0.93,186.7
37989,1126.2,16.74,4951.78,995,408,325.5,7.95,636.8,428.3,52.44,50.72,41.59,0.94,187.1
37990,1107.3,17.19,5088.35,1034,381.5,320.25,6.08,670.6,387.5,52.88,54.03,42.55,0.94,187.4
37991,1120.7,15.5,5323.78,814,362,299.75,6.12,685.7,394.9,53.91,55.71,43.25,1.02,188.2
37992,1140.8,14.34,5073.56,893,338,262.5,5.8,708.6,393,54.44,55.7,44.41,1.27,188.9
37993,1101.7,15.32,5466.9,599.5,312.25,225.5,6.58,706.9,393.7,52.15,55.27,46.3,1.33,189.1
37994,1104.2,15.29,5254.62,627.25,309.75,237.75,6.8,745.9,412.4,55.97,58.1,46.1,1.48,189.2
37995,1114.6,13.34,5917.43,527,306.75,216.25,6.94,767.9,420.4,54.12,56.33,48.33,1.65,189.8
37996,1130.2,16.27,6162.91,527.5,316.5,213,7.32,811.3,429.4,51.18,58.38,49.22,1.76,190.8
37997,1173.8,13.24,5864.79,534.75,289.75,203.75,7.76,830.3,453.2,53.48,60.32,51.25,2.07,191.7
37998,1211.9,13.29,5278.98,547.75,307.5,213,6.84,887.4,438.4,55.08,63.42,51.26,2.19,191.7
38353,1181.3,12.82,5635.92,514.75,291,204.5,6.76,908.7,424.1,53.23,64.7,51.6,2.33,191.6
38354,1203.6,12.08,5986.82,615.5,337.25,222.75,7.4,794.2,437.6,53.09,65.6,63.31,2.54,192.4
38355,1180.6,14.02,6439.38,627.5,331,221,7.21,834.6,431.1,53,67.16,59.6,2.74,193.1
38356,1156.8,15.31,5856.56,619.25,318,213.5,6.94,791.5,436.1,54.15,68.63,57.03,2.78,193.7
38357,1191.5,13.29,5813.64,680.25,331.75,230.75,7.47,813.2,418.9,55.15,67.1,56.2,2.84,193.6
38358,1191.3,12.04,6150.56,651.75,321.5,222.25,7.08,861,437.1,52.75,65,57.47,2.97,193.7
38359,1234.2,11.57,6488.55,671.75,327.75,248.25,7.3,833,435.8,55.63,63.96,58.75,3.22,194.9
38360,1220.3,12.6,7471.14,586.75,301.5,216.5,6.84,872.3,438.1,55.48,63.39,59.9,3.44,196.1
38361,1228.8,11.92,7472.48,573.25,346.25,217.75,7.51,863.7,472.3,59.46,63.28,63.54,3.42,198.8
38362,1207,15.32,6700.94,564.75,317,210.25,7.6,873.8,466.9,55.99,62.62,56.14,3.71,199.1
38363,1249.5,12.06,6443.1,558,304,201.75,8.35,866.1,498.7,57.19,61.75,58.03,3.88,198.1
38364,1248.3,12.07,6627.92,602,339.25,225,8.89,870.6,519.7,57.88,60.1,56.17,3.89,198.1
38718,1280.1,12.95,6915.18,594.25,343.25,229,9.92,884.1,575.5,59.23,57.54,62.75,4.24,199.3
38719,1280.7,12.34,6216.45,580.25,370.25,238.75,9.81,883.5,563.9,59.93,57.65,59.37,4.43,199.4
38720,1294.8,11.39,6535.38,571.5,347.75,247.25,11.56,897.9,586.7,57.63,59.22,60.86,4.51,199.7
38721,1310.6,11.59,6949.29,587.25,346.25,249,13.63,894.5,654.5,58.21,58.61,63.08,4.6,200.7
38722,1270.1,16.44,6895.81,579.5,393.5,262.5,12.51,930.3,649,54.25,60.22,60.91,4.72,201.3
38723,1270.2,13.08,6975.97,594.75,371.5,246,10.92,943.2,616,55.6,59.92,61.35,4.79,201.8
38724,1276.7,14.95,7115.85,579.5,397.5,256,11.39,980.4,646.8,56.2,62.55,67.74,4.95,202.9
38725,1303.8,12.31,6599.42,542.25,404,248,13,973,634.2,61.9,64.66,67.67,4.96,203.8
38726,1335.8,11.98,5892.86,547.5,443,275.25,11.54,1085.3,604.2,61.98,64.94,67.1,4.81,202.8
38727,1377.9,11.1,5741.51,630.25,483,334.75,12.32,1034.5,606.8,63.39,67.4,71.42,4.92,201.9
38728,1400.6,10.91,6058.91,685.5,502,390.5,14.05,1059.4,652.9,62.79,65.91,76.81,4.94,202
38729,1418.3,11.56,5627.64,683.5,501,398.5,12.94,1142,638,64.27,66.02,76.63,4.85,203.1
39083,1438.2,10.42,5498.77,719.5,467.5,415.75,13.63,1246.8,657.9,64.87,66.8,74.1,4.98,203.437
39084,1406.8,15.42,5735.06,773.25,474.5,435.5,14.24,1246.7,672.5,63.49,62.93,71.68,5.03,204.226
39085,1420.9,14.64,5920.55,761.25,438,385.5,13.51,1241.6,669,63.16,60.26,75.45,4.94,205.288
39086,1482.4,14.22,5904.26,728.5,485.5,367.5,13.58,1251.2,683.5,64.4,64.22,79.38,4.87,205.904
39087,1530.6,13.05,5812.55,806.25,517,391.5,13.54,1141.2,666.7,63.55,63.27,83.17,4.73,206.755
39088,1503.3,16.23,5999.78,850,582,340,12.47,1086.5,650.9,61.19,61.62,83.88,4.61,207.234
39089,1455.3,23.52,6332.53,834,630,342.25,13.07,1176.7,679.3,61.86,60.5,85.13,4.82,207.603
39090,1474,23.38,6067.4,868,767,340,12.16,1139.3,681.9,65.31,61.79,85.73,4.2,207.667
39091,1526.8,18,6687.84,991.25,939,389.25,13.92,1180.7,750,70.34,65.7,92.56,3.89,208.547
39092,1549.4,18.53,7330.34,1010,808,392.75,14.49,1139.3,795.3,69.52,65.17,91.99,3.9,209.19
39093,1481.1,22.87,7059.31,1080,867,401.5,14.1,1248.3,789.1,74,67.74,89.16,3.27,210.834
39094,1468.4,22.5,7466.3,1199,885,466.75,14.92,1303.6,838,73.42,66.7,93.69,3,211.445
39448,1378.5,26.2,7464.4,1274.5,929.5,513.25,17.04,1279,928,65.42,63.14,86.4,2.75,212.174
39449,1330.6,26.54,8304.77,1522,1073,556.5,19.92,1300.6,975,66.18,61.96,87.01,2.12,212.687
39450,1322.7,25.61,8207.26,1197.25,929,582,17.36,1271.6,921.5,70.07,64.87,84.58,1.26,213.448
39451,1385.6,20.79,8860.93,1301.75,787.25,612.25,16.59,1395.2,865.1,67.05,67.09,93.07,1.29,213.942
39452,1400.4,17.83,9667.63,1363.5,761.5,612.5,16.91,1468,891.5,66.05,66.74,88.76,1.73,215.208
39453,1280,23.95,10558.65,1605,843.5,737.75,17.51,1528.4,928.3,60.81,64.34,88.13,1.86,217.463
39454,1267.4,22.94,9267.72,1395.75,783.75,607.5,17.84,1736.9,922.7,65.48,68.47,80.43,1.63,219.016
39455,1282.8,20.65,8609.5,1332,779.25,585,13.67,2155.7,835.2,69.77,70.43,80.01,1.72,218.69
39456,1166.4,39.39,7538.31,1045,680,506.5,12.28,2024.4,880.8,69.69,69.28,77.66,1.13,218.877
39457,968.8,59.89,5412.61,925.25,536.25,419.25,9.73,1970.6,718.2,64.54,61.34,74.12,0.67,216.995
39458,896.2,55.28,4609.34,883,542.5,365.75,10.21,2069.5,819,64.35,58.58,80.15,0.19,213.153
39459,903.2,40,3995.39,972.25,610.75,417.75,11.3,1750.3,884.3,61.82,59.83,79.83,0.03,211.398
39814,825.9,44.84,3638.25,980,568,390.25,12.58,1015.1,928.4,54.5,57.69,76.48,0.13,211.933
39815,735.1,46.35,3416.3,874.5,510.5,359,13.11,811.1,942.5,48.17,50,67.9,0.3,212.705
39816,797.9,44.14,3570.22,952,532.75,414.75,13,936.2,925,47.09,52.6,68.1,0.21,212.495
39817,872.8,36.5,3537.42,1070,524.25,403.5,12.33,960,891.2,49.44,52.36,66.67,0.16,212.709
39818,919.1,28.92,4233.06,1184,637.25,446.25,15.62,1120.8,980.3,51.94,55.16,69.35,0.18,213.022
39819,919.3,26.35,4257.24,1226.25,511.25,354.5,13.6,1190,927.4,51.1,56.8,69.91,0.18,214.79
39820,987.5,25.92,4276.1,1134,528.25,349.5,13.96,1176.7,955.8,55.51,60.89,70.39,0.18,214.726
39821,1020.6,26.01,4175,1100,471,329.75,14.91,1167.6,953.5,54.11,60.44,69.15,0.17,215.445
39822,1057.1,25.61,4182.21,927,457.5,356.75,16.66,1295.6,1009.3,57.92,60.89,68.61,0.12,215.861
39823,1036.2,30.69,4427.82,918,494.25,379.25,16.27,1297.4,1040.4,58,59.05,71.67,0.07,216.509
39824,1095.6,24.51,4495.31,1057.88,586.5,417.5,18.52,1459.5,1182.3,62.35,62.84,75.07,0.05,217.234
39825,1115.1,21.68,4534.17,1049.25,541.13,424.25,16.85,1460,1096.2,60.63,64.41,68.19,0.05,217.347
40179,1073.9,24.62,4176.22,915.5,473.13,367.75,16.2,1501.3,1083.8,61.55,62.86,64.43,0.06,217.488
40180,1104.5,19.5,4408.36,962.63,519.13,389,16.52,1538,1118.9,63.28,63,65,0.11,217.281
40181,1169.4,17.59,4493.67,940.38,450.38,356.5,17.54,1639.8,1114.5,63.27,65.2,66.98,0.15,217.353
40182,1186.7,22.05,4618.37,999.75,505.13,375.25,18.64,1745.1,1180.7,62.16,64.3,67.77,0.16,217.403
40183,1089.4,32.07,4009.25,940.88,458.38,369,18.44,1547.4,1215,61.09,58.3,60.46,0.16,217.29
40184,1030.7,34.54,4025.97,934.38,479.25,362.75,18.71,1530.9,1245.9,59.98,59.06,57.07,0.12,217.199
40185,1101.6,23.5,4252.64,1013.88,661.38,406.75,18.02,1576.8,1183.9,61.16,58.09,59.68,0.16,217.605
40186,1049.3,26.05,4017.69,1010.63,689.38,439.25,19.42,1523.5,1250.3,59.67,57.02,59.11,0.16,217.923
40187,1141.2,23.7,4358.72,1102.63,676.13,508.25,21.82,1652,1309.6,59.97,61.96,61.79,0.15,218.275
40188,1183.3,21.2,4470.16,1241.63,727.38,595,24.59,1705.1,1357.6,63.57,63.74,66.49,0.13,219.035
40189,1180.5,23.54,4518.55,1245.88,689.63,544,28.2,1650.4,1386.1,61.07,61.55,69.56,0.14,219.59
40190,1257.6,17.75,4943.41,1403.88,792.63,636.5,30.94,1773.3,1421.4,64.33,61.85,73.12,0.14,220.472
40544,1286.1,19.53,5094.27,1410.88,838.63,670,28.18,1797.5,1334.5,63.13,59.77,80.68,0.15,221.187
40545,1327.2,18.35,5285.08,1365.88,816.38,731,33.82,1809.2,1409.9,63.05,61.44,85.53,0.13,221.898
40546,1325.8,17.74,5515.06,1416.63,759.13,701,37.9,1779.3,1439.9,61.6,59.25,84.13,0.1,223.046
40547,1363.6,14.75,5758.37,1394.88,804.13,756.5,48.6,1871.5,1556.4,64.9,65.72,87.98,0.06,224.093
40548,1345.2,15.45,5361.71,1382.38,787.13,717.5,38.32,1834,1536.8,67,67.29,83.47,0.04,224.806
40549,1320.6,16.52,5077.25,1303.75,600.38,648,34.83,1724.8,1502.8,63.57,66.52,81.38,0.04,224.806
40550,1292.3,25.25,5200.87,1352.75,674.88,668.75,40.11,1785.3,1631.2,61.49,64.79,79.79,0.04,225.395
40551,1218.9,31.62,5104.94,1455.13,788.13,767.5,41.73,1856.2,1831.7,63.68,65.8,74.02,0.02,226.106
40552,1131.4,42.96,4483.73,1175.13,606,605.75,30.08,1519.4,1622.3,63.18,63.69,72.63,0.01,226.597
40553,1253.3,29.96,4920.72,1214,629.25,659,34.37,1597.6,1725.2,63.99,64.39,78.09,0.02,226.75
40554,1247,27.8,4990.43,1133.38,614.88,608,32.78,1559.8,1750.3,64.57,64.72,80.44,0.01,227.169
40555,1257.6,23.4,4885.26,1211.88,653.13,654.75,27.92,1399.7,1566.8,66.71,65.58,84.76,0.01,227.223
40909,1312.4,19.44,4994.31,1200.38,666.63,645.25,33.29,1585.5,1740.4,63.04,65.91,83.74,0.03,227.842
40910,1365.7,18.43,5297.13,1319.13,667.88,658,34.64,1691.1,1711.3,67.62,65.08,86.5,0.09,228.329
40911,1408.5,15.5,5172.64,1401.88,658.88,643.25,32.51,1638.3,1671.9,67.21,65.96,86.73,0.08,228.807
40912,1397.9,17.15,5146.09,1500.88,652.63,634.25,31.02,1567.7,1664.2,63.64,65.1,86.34,0.08,229.187
40913,1310.3,24.06,4478.23,1344.25,645.63,525.5,27.79,1416.1,1564.2,62.29,62.43,78.63,0.09,228.713
40914,1362.2,17.08,4532.03,1480.88,758.88,628.5,27.61,1449.1,1604.2,61.25,67.56,85.57,0.09,228.524
40915,1379.3,18.93,4820.88,1673.75,892.63,805.25,27.94,1415.4,1614.6,64.54,69.22,86.85,0.1,228.59
40916,1406.6,17.47,5127.74,1754.37,888.63,802.75,31.42,1536.3,1687.6,67.19,67.43,87.3,0.1,229.918
40917,1440.7,15.73,5054.81,1591.88,895.63,756.25,34.58,1665.3,1773.9,69.36,68.91,91.45,0.11,231.015
40918,1412.2,18.6,4849.29,1550.88,866.88,755.75,32.34,1576,1719.1,69.24,70.82,91.17,0.1,231.638
40919,1416.2,15.87,4920.92,1440.63,863.5,748,33.25,1603.1,1712.7,69.83,69.73,88.14,0.09,231.249
40920,1426.2,18.02,4889.01,1408.5,778.5,698.25,30.23,1538.7,1675.8,67.89,70.1,86.55,0.07,231.221
41275,1498.1,14.28,5102.05,1470.63,781.63,740.5,31.38,1673.9,1662,75.16,73.92,89.97,0.07,231.679
41276,1514.7,15.51,4878.31,1448.75,716.38,719.5,28.43,1582.4,1578.1,76.18,76.11,89.55,0.1,232.937
41277,1569.2,12.7,4915.86,1406.88,684.5,695.25,28.35,1571.2,1595.7,77.06,81.53,90.11,0.09,232.282
41278,1597.6,13.52,4683.33,1396.5,730.25,683.25,24.19,1505.4,1472.1,76.77,85.23,88.99,0.06,231.797
41279,1630.7,16.3,4613.59,1510.13,706.63,662,22.27,1460.6,1393,76.76,84.18,90.47,0.04,231.893
41280,1606.3,16.86,4624.37,1429.38,656.88,679.25,19.47,1336.9,1223.7,76.99,85.86,90.35,0.05,232.445
41281,1685.7,13.45,4851.6,1247.25,663.63,499,19.64,1428.4,1313,80.3,93.5,93.75,0.04,232.9
41282,1633,17.01,5015.39,1356.38,654.88,495,23.5,1526.2,1396.1,77.89,86.41,87.16,0.04,233.456
41283,1681.5,16.6,4845.28,1281.38,679.13,441.5,21.71,1408.1,1327,75.59,86.69,86.04,0.02,233.544
41284,1756.5,13.75,4775.37,1265.63,667.38,428.25,21.88,1445.9,1323.7,80.75,92.61,89.62,0.05,233.669
41285,1805.8,13.7,4738.15,1337,668.25,415.25,20.02,1367.9,1250.4,84.22,94.66,93.48,0.07,234.1
41286,1848.4,13.72,4829.47,1289.38,605.13,422,19.37,1371.1,1202.3,81.41,91.59,101.2,0.07,234.719
41640,1782.6,18.41,4750.44,1283.88,555,434,19.14,1374.1,1239.8,76.62,88.47,92.16,0.04,235.288
41641,1859.45,14,4964.6,1414.13,600.38,457.5,21.24,1446.2,1321.6,78.66,92.12,96.27,0.05,235.547
41642,1872.34,13.88,4971.54,1462.38,697.13,502,19.77,1418.5,1283.8,80.6,98.23,97.68,0.05,236.028
41643,1883.95,13.41,5008.4,1511.38,721.5,514,19.17,1426.6,1295.9,82.55,101.29,102.41,0.03,236.468
41644,1923.57,11.4,4999.62,1491.13,628.13,465.75,18.7,1454.7,1246,80.79,101.46,100.53,0.03,236.918
41645,1960.23,11.57,5105.46,1327.5,576.75,424.25,21.06,1481,1322,78.59,104.62,100.68,0.04,237.231
41646,1930.67,16.95,4835.02,1098.13,530.38,357,20.43,1465.7,1282.8,77.32,100.09,98.94,0.03,237.498
41647,2003.37,11.98,4755.75,1024.25,563.38,359,19.45,1426.7,1287.4,83.11,103.73,99.46,0.03,237.46
41648,1972.29,16.31,4469.27,912.38,478.63,320.75,17.06,1298.5,1211.6,83.74,106.59,94.05,0.02,237.477
41649,2018.05,14.03,4201.84,1043.13,531.25,376.75,16.13,1236.2,1171.6,87.27,107.78,96.71,0.02,237.43
41650,2067.56,13.33,3742.98,1014.13,578.38,375.75,15.55,1210.4,1175.5,90.43,108.25,90.54,0.02,236.983
41651,2058.9,19.2,3232.8,1022.88,589.88,397,15.6,1208.9,1184.1,91.09,104.57,92.45,0.03,236.252
42005,1994.99,20.97,2990.45,961.63,503.25,370,17.23,1239.2,1279.2,84.29,100.14,87.42,0.03,234.747
42006,2104.5,13.34,3183.79,1030.38,512,384.5,16.56,1186.7,1213.1,85.13,102.51,88.54,0.02,235.342
42007,2067.89,15.29,2967.12,972.63,512.88,376.25,16.62,1142.6,1183.2,81.94,100.6,85,0.03,235.976
42008,2085.51,14.55,3295.22,977.13,475.38,362.5,16.15,1139.9,1182.4,79.51,99.2,87.37,0.02,236.222
42009,2107.39,13.84,3229.74,934.38,477.88,351.5,16.72,1111,1189.8,78.39,100.14,85.2,0.02,237.001
42010,2063.11,18.23,3226.12,1048.25,616.63,414,15.58,1078.6,1171.8,78.24,97.46,83.2,0.02,237.657
42011,2103.84,12.12,2771.17,953.13,498.13,371,14.77,984,1095.1,76.7,100.21,79.21,0.03,238.034
42012,1972.18,28.43,2779.47,887.13,485.38,363.75,14.58,1010.1,1132.5,70.67,93.98,75.24,0.07,238.033
42013,1920.03,24.5,2603.62,891.63,512.25,387.75,14.52,907.2,1115.2,71.94,93.35,74.35,0.02,237.498
42014,2079.36,15.07,2609.6,885.13,522.13,382.25,15.58,988.6,1141.4,76.38,101.03,82.74,0.02,237.733
42015,2080.41,16.13,2375.62,881.63,475.63,365,14.07,832.3,1065.3,74.84,101.24,81.66,0.12,238.017
42016,2043.94,18.21,2170.62,863.63,469.38,358.75,13.8,891.7,1060.2,79.41,102.72,77.95,0.23,237.761
42370,1940.24,20.2,2058.38,882.38,479.38,372,14.26,872.3,1116.4,81.69,104.44,77.85,0.26,237.652
42371,1932.23,20.55,2016.99,861.12,452.88,353.5,14.92,933.7,1234.4,80.29,105.21,80.15,0.31,237.336
42372,2059.74,13.95,2116.44,912.62,474.5,351.5,15.48,976.6,1235.6,82.31,108.2,83.59,0.29,238.08
42373,2065.3,15.7,2331.04,1029.88,489.25,390.25,17.82,1077.9,1290.5,80.12,112.08,88.4,0.23,238.992
42374,2096.96,14.19,2382.75,1077.88,463.75,404.75,16.02,978.7,1217.5,81.04,112.69,89.02,0.27,239.557
42375,2098.86,15.63,2384.66,1174.25,448,358.75,18.62,1021.5,1320.6,84.67,121.3,93.74,0.27,240.222
42376,2173.6,11.87,2156.5,1019.38,407.25,334.5,20.39,1147.3,1357.5,85.59,125.23,88.95,0.3,240.101
42377,2170.95,13.42,2194.65,941.88,387.5,301.5,18.68,1050.8,1311.4,87.31,119.34,87.14,0.3,240.545
42378,2168.27,13.29,2285.61,955.25,401.75,336.75,19.21,1028.6,1317.1,89.75,118.13,87.28,0.29,241.176
42379,2126.15,17.06,2251.39,1011.88,415.25,354.75,17.84,975.8,1273.1,86.8,115.99,83.32,0.33,241.741
42380,2198.81,13.33,2308.46,1033.75,403,336.75,16.45,908.1,1173.9,82.46,111.3,87.3,0.45,242.026
42381,2238.83,14.04,2417.31,1005.1,407.75,352,15.99,901.6,1151.7,84.08,115.21,90.26,0.51,242.637
42736,2278.87,11.99,2383.16,1024.6,421,359.75,17.58,993,1211.4,87.6,113.25,83.89,0.51,243.618
42737,2363.64,12.92,2388.7,1036.38,443.75,366.75,18.47,1029.5,1253.9,91.07,122.21,81.32,0.52,244.006
42738,2362.72,12.37,2295.19,945.88,425.75,364.25,18.29,948.2,1251.2,89.85,124.55,82.01,0.74,243.892
42739,2384.2,10.82,2246.85,957.12,432.62,358,17.26,946.3,1268.3,87.33,123.47,81.65,0.8,244.193
42740,2411.8,10.41,2212.33,915.88,429.5,372,17.44,948.5,1275.4,88.09,128.25,80.5,0.89,244.004
42741,2423.41,11.18,2169.81,948.38,525.75,370.5,16.63,923.7,1242.3,87.15,132.29,80.73,0.98,244.163
42742,2470.3,10.26,2269.29,998.38,474.25,370.75,16.84,937.7,1273.4,90.82,132.72,80.04,1.07,244.243
42743,2471.65,10.59,2251.67,946.62,435.5,342.25,17.54,996.8,1322.2,92.27,132.37,76.33,1.01,245.183
42744,2519.36,9.51,2326.46,966.88,448.25,355.25,16.68,910.3,1284.8,90.98,130.01,81.98,1.03,246.435
42745,2575.26,10.18,2415.28,984.62,418.5,345.75,16.73,915.8,1270.5,86.34,139.41,83.35,1.07,246.626
42746,2647.58,11.28,2448.66,985.62,434.38,341.75,16.45,941.3,1276.7,89.99,139.33,83.29,1.23,247.284
42747,2673.61,11.04,2556.71,962.5,427.5,350.75,17.15,934.2,1309.3,91.88,139.72,83.64,1.32,247.805
43101,2823.81,13.54,2644.13,996.75,451.5,361.5,17.28,1001.3,1343.1,86.34,138.19,87.3,1.41,248.859
43102,2713.83,19.85,2555.82,1055,492.5,374.5,16.41,986.6,1317.9,78.52,129.88,75.74,1.57,249.529
43103,2640.87,19.97,2612.6,1044.75,451.75,387.75,16.31,927.3,1327.3,79.28,128.15,74.61,1.7,249.577
43104,2648.05,15.93,2744.2,1048.5,511.25,392.5,16.4,899,1319.2,72.34,126.49,77.75,1.76,250.227
43105,2705.27,15.43,2783.92,1019.5,524.75,394,16.5,908.1,1304.7,73.17,119.62,81.24,1.86,250.792
43106,2718.37,16.09,2821.65,862.75,502,350.25,16.2,852.4,1254.5,78.06,121.34,82.73,1.9,251.018
43107,2816.29,12.83,2722.02,907.5,554.5,372.25,15.6,840.9,1233.6,80.88,132.52,81.51,1.96,251.214
43108,2901.52,12.86,2751.35,845.5,546.5,351,14.52,785.9,1206.7,82.95,134.69,80.17,2.03,251.663
43109,2913.98,12.12,2859.44,844.25,510.5,356.25,14.71,818.7,1196.2,83.23,138.17,85.02,2.13,252.182
43110,2711.74,21.23,2692.36,851.5,501.25,363.25,14.32,839.4,1215,88.68,139.99,79.68,2.25,252.772
43111,2760.17,18.07,2388.63,893.25,515.5,366.5,14.18,798,1226,94.51,146.9,79.5,2.33,252.594
43112,2506.85,25.42,2203.47,894,503,375,17.7,795.9,1281.3,91.92,129.05,68.19,2.37,252.767
43466,2704.1,16.57,2401.53,915.75,516.5,376.5,18.23,820.5,1325.2,96.47,133.08,73.28,2.37,252.561
43467,2784.49,14.7,2493.11,910,458.75,362,17.71,873,1316.1,98.55,136.64,79.03,2.39,253.319
43468,2834.4,13.71,2533.23,883.88,458.5,356.5,17.03,848.9,1298.5,104.05,139.79,80.8,2.4,254.277
43469,2945.83,13.12,2605.41,854.5,429,353.25,16.86,888.1,1285.7,106.48,141.2,80.28,2.38,255.233
43470,2752.06,18.71,2391.42,878.25,504.88,427,16.19,792.6,1311.1,102.91,131.15,70.77,2.35,255.296
43471,2941.76,15.08,2497.37,881.88,526,420.25,16.74,835.5,1413.7,109.65,139.28,76.63,2.17,255.213
43472,2980.38,16.12,2492.08,880.25,486.5,400.25,17.85,876.1,1437.8,118.04,130.22,74.36,2.1,255.802
43473,2926.46,18.98,2351.95,868.25,461.38,358,19.57,929.6,1529.4,120.23,128.36,68.48,1.95,256.036
43474,2976.74,16.24,2393.09,904.25,495.5,388,18.4,883.4,1472.9,124.38,129.38,70.61,1.89,256.43
43475,3037.56,13.22,2422.88,931.75,508.75,390,19.45,930,1514.8,124.51,132.04,67.57,1.65,257.155
43476,3140.98,12.62,2422.57,876.62,542.12,371.25,18.38,897.9,1472.7,122.06,137.49,68.13,1.54,257.879
43477,3230.78,13.78,2591.86,943.5,559.38,387.75,19.16,971.4,1523.1,124.9,145.87,69.78,1.54,258.63
43831,3225.52,18.84,2311.29,872.62,553.38,381.25,19.22,959.2,1587.9,124.62,148.87,62.12,1.52,259.127
43832,2954.22,40.11,2117.39,893.12,525.25,366.5,17.57,862.8,1566.7,113.23,134.48,51.44,1.52,259.25
43833,2584.59,53.54,1494.34,885.5,567.75,340.75,15.02,724.4,1596.6,110,131.13,37.97,0.29,258.076
43834,2912.43,34.15,1349.82,855.5,523.5,311.5,15.95,809.5,1694.2,117.87,150.04,46.47,0.14,256.032
43835,3044.31,27.51,1570.82,840.5,521.62,325.75,19.47,870.5,1751.7,115.92,148.75,45.47,0.13,255.802
43836,3100.29,30.43,1650.79,883,490.75,338.5,19.75,840.7,1800.5,119.57,140.63,44.72,0.16,257.042
43837,3271.12,24.46,1713.46,897.25,531,316,25.77,912.2,1985.9,131.12,145.76,42.08,0.13,258.352
43838,3500.31,26.41,1792.03,952.5,546.5,348.5,29.74,935.7,1978.6,138.33,153.41,39.94,0.1,259.316
43839,3363,26.37,1726.81,1021.75,578.12,379,24.6,901,1895.5,138.99,148.88,34.33,0.11,259.997
43840,3269.96,38.02,1665.08,1056.88,598.5,398.5,24.76,844.6,1879.9,137.1,137.11,32.62,0.1,260.319
43841,3621.63,20.57,1865.57,1168.75,581,419.75,23.46,964.1,1780.9,138.87,144.68,38.13,0.09,260.911
43842,3756.07,22.75,1976.96,1310.25,641.75,484,27.23,1075.4,1895.1,139.14,157.38,41.22,0.09,262.045
44197,3714.24,33.09,2074.7,1364.38,662.62,547,27.69,1075.8,1850.3,128.21,163.13,44.84,0.08,262.639
44198,3811.15,27.95,2294.25,1407.88,660.12,555.5,27.86,1183.5,1728.8,123.53,158.46,54.37,0.04,263.573
44199,3972.89,19.4,2244.83,1436.75,618.75,564.25,25.97,1188.5,1715.6,135.43,164.35,55.83,0.03,264.847
44200,4181.17,18.61,2429.6,1535.62,735.3,740,27.23,1203,1767.7,133.42,162.73,57.24,0.02,266.625
44201,4204.11,16.76,2490.86,1528.5,664.12,656.75,29.33,1180.8,1905.3,134.85,169.25,58.37,0.02,268.404
44202,4297.5,15.83,2597.79,1393.5,680.25,720,27.36,1070.5,1771.6,134.93,164.74,63.08,0.04,270.71
44203,4395.26,18.24,2638.69,1348.38,703.5,547,26.14,1046.9,1817.2,142.23,172.2,57.57,0.05,271.965
44204,4522.68,16.48,2577.95,1293.5,724,534,24.52,1013.9,1818.1,142.39,173.13,54.52,0.05,272.752
44205,4307.54,23.14,2733.49,1257,725.75,536.75,22.48,960.9,1757,139.8,161.5,58.82,0.04,273.942
44206,4605.38,16.26,2891.95,1235.75,772.75,568.25,24.37,1019.6,1783.9,142.99,162.88,64.47,0.05,276.528
44207,4567,27.19,2578.94,1217.25,773.75,567,23.32,926.6,1776.5,144.58,155.93,59.84,0.05,278.824
44208,4766.18,17.22,2774.73,1328.75,770.75,593.25,23.89,964.4,1828.6,163.58,171.07,61.19,0.06,280.806
44562,4515.55,24.83,3097.53,1490.5,761.25,626,22.99,1019.2,1796.4,160.45,172.29,75.96,0.15,282.542
44563,4373.94,30.15,3369.3,1644.25,928,697.5,25.09,1037.8,1900.7,155.89,164.57,78.42,0.33,284.525
44564,4530.41,20.56,3693.88,1618.25,1006,748.75,26.11,992.5,1954,152.8,177.23,82.59,0.44,287.467
44565,4131.93,33.4,3882.99,1684.75,1055.75,818.25,24.06,937.6,1911.7,160.55,180.46,85.25,0.76,288.582
44566,4132.15,26.19,4079.85,1687,1088,753.5,22.79,969.3,1848.4,147.88,179.53,96,0.98,291.299
44567,3785.38,28.71,3768.02,1560.5,884,743.75,21.3,898.4,1807.3,143.79,177.51,85.64,1.49,295.072
44568,4130.29,21.33,3766.42,1468.5,807.75,616.25,21.06,884.9,1781.8,138.91,174.52,96.93,2.23,294.94
44569,3955,25.87,3665.54,1422.5,831.5,673.75,18.66,826.4,1726.2,137.94,161.34,95.59,2.63,295.162
44570,3585.62,31.62,3379.58,1364.75,921.5,677.5,19.7,870,1684.9,126.25,163.36,87.31,3.13,296.421
44571,3871.98,25.88,3606.18,1419.5,882.25,691.5,19.97,939.4,1654.9,134.67,173.97,110.81,3.72,297.979
44572,4080.11,20.58,3544.68,1469.5,795.5,662,22.6,1052.3,1775.1,149.16,178,111.34,4.15,298.708
44573,3839.5,21.67,3495.76,1524,792,678.5,24.88,1073.7,1842.2,151.56,176.65,110.3,4.25,298.808
44927,4076.6,19.4,3492.71,1538,761.25,679.75,24.74,1012,1962.2,142.38,163.42,116.01,4.54,300.456
44928,3970.15,20.7,3359.08,1479.5,705.5,629.5,21.72,955.2,1853.2,137.56,153.26,109.91,4.65,301.476
44929,4109.31,18.7,3323.01,1505.5,692.25,660.5,24.85,994.1,2004.1,148.69,155,109.66,4.69,301.643
44930,4169.48,15.78,3297.81,1419.25,633.75,636,25.77,1088.2,2018.3,156.38,163.7,118.34,4.92,302.858
44931,4179.83,17.94,3096.4,1299.75,594.25,593,24.14,1007.1,1982.1,142.5,155.06,102.18,5.14,303.316
44932,4450.38,13.59,3232.35,1442,651,554.5,23.34,904.5,1929.4,151.74,165.52,107.25,5.16,304.099
44933,4588.96,13.63,3579.36,1331.75,665.75,504,25.34,949.7,2009.2,156.3,167.53,107.24,5.25,304.615
44934,4507.66,13.57,3600.72,1368.75,602,461,24.81,971.3,1965.9,154.34,161.68,111.19,5.3,306.138
44935,4288.05,17.52,3748.92,1275,541.5,476.75,22.45,906.8,1885.4,145.86,155.75,117.58,5.32,307.374
44936,4193.8,18.14,3592.04,1310.5,556.25,478.75,22.95,936.5,1994.3,150.03,148.34,105.85,5.34,307.653
44937,4567.8,12.92,3461.11,1342.75,598,461.75,25.29,931.2,2038.1,153.52,154.66,102.74,5.27,308.087
44938,4769.83,12.45,3346.58,1293.5,628,471.25,24.09,995,2071.8,146.54,156.74,99.98,5.24,308.735
45292,4845.65,14.35,3496.06,1232.75,605.25,458.5,23.28,924.4,2057.4,157.14,158.9,102.81,5.22,309.794
45293,5096.27,13.4,3526.54,1128.25,577.5,415.75,22.89,879.9,2054.7,158.94,161.38,104.52,5.24,311.022
45294,5254.35,13.01,3693.33,1205.25,575.75,454.5,25.04,907.7,2227.1,162.25,158.19,116.24,5.24,312.107
45295,5035.69,15.65,3736.14,1163,585,446.75,26.53,941.2,2302.9,163.2,144.59,118.27,5.24,313.016
45296,5277.51,12.92,3665.1,1203.5,699.5,454,30.44,1037.7,2333.9,164.54,146.67,117.26,5.25,313.14
45297,5460.48,12.44,3717.39,1150.5,553.5,397.25,29.39,1001.9,2350.9,164.92,146.16,115.12,5.24,313.131
45298,5522.3,16.36,3586.43,1014.5,527.25,382.75,28.94,982.2,2449.3,160.76,157.85,118.59,5.2,313.566
45299,5648.4,15,3524.63,982,551.5,401,28.87,927.8,2516,171.54,165.86,117.94,5.05,314.131
45300,5762.48,16.73,3521.77,1057,584,424.75,31.46,979,2647.9,173.2,162.06,117.22,4.72,314.851
45301,5705.45,23.16,3537.79,982.5,570.5,410.75,32.8,991.6,2761.6,165.18,159.86,116.78,4.51,315.564
45302,6032.38,13.51,3539.95,989.5,548,433,30.84,949.5,2681,179.26,155.01,117.96,4.42,316.449
45303,5881.63,17.35,3655.99,998.25,551.5,458.5,29.1,894,2653.3,167.65,144.62,107.57,4.27,317.603
45658,6040.53,16.43,3777.23,1042,559.5,482,32.27,1033.2,2835,165.99,152.15,106.83,4.21,319.086